{
  "cv_roc_auc_mean": 0.9174282507615841,
  "cv_roc_auc_std": 0.023088005690719057,
  "accuracy": 0.8524590163934426,
  "precision": 0.8064516129032258,
  "recall": 0.8928571428571429,
  "f1": 0.847457627118644,
  "roc_auc": 0.9431818181818182,
  "model": "rf"
}